Workbook

Sheet gps_logger bom
A1: Reference | B1: Qty / board | C1: Value | D1: Footprint | E1: Part used (MPN) | F1: Supplier # | G1: Unit price ($) | H1: Price basis | I1: Ext. / board ($) | J1: Ext. all boards ($) | K1: Confidence
A2: BZ1 | B2: 1 | C2: Buzzer | D2: Buzzer_Beeper:Buzzer_12x9.5RM7.6 | E2: THT magnetic buzzer D12xL9.5 (MPN not in BOM) | F2: (LCSC category) | G2: 1 | H2: LCSC category listing $0.93-$1.11 | I2: =B2*G2 -> 1 | J2: =I2*'PCB-PCBA Costing'!$B$4 -> 5 | K2: Low
A3: C1,C3,C4,C5,C6,C8 | B3: 6 | C3: 10uF | D3: C_0805 | E3: Samsung CL21A106KAYNNNE 10uF 25V X5R | F3: LCSC C15850 | G3: 0.0477 | H3: 20+ tier (JLCPCB shows $0.0215 @1+) | I3: =B3*G3 -> 0.2862 | J3: =I3*'PCB-PCBA Costing'!$B$4 -> 1.431 | K3: High
A4: C2 | B4: 1 | C4: 1uF | D4: C_0805 | E4: 0805 1uF X7R/X5R MLCC | F4: (basic part) | G4: 0.012 | H4: Typical 0805 1uF price, 50+ | I4: =B4*G4 -> 0.012 | J4: =I4*'PCB-PCBA Costing'!$B$4 -> 0.06 | K4: Low
A5: C7,C10,C11,C12 | B5: 4 | C5: 100nF | D5: C_0805 | E5: Samsung CL21B104KBCNNNC 100nF 50V X7R | F5: LCSC C1711 | G5: 0.0063 | H5: 50+ tier | I5: =B5*G5 -> 0.0252 | J5: =I5*'PCB-PCBA Costing'!$B$4 -> 0.126 | K5: High
A6: C9 | B6: 1 | C6: 47pF | D6: C_0805 | E6: 0805 47pF C0G MLCC | F6: (basic part) | G6: 0.009 | H6: Typical 0805 C0G price, 50+ | I6: =B6*G6 -> 0.009 | J6: =I6*'PCB-PCBA Costing'!$B$4 -> 0.045 | K6: Low
A7: D1 | B7: 1 | C7: 1N4148 | D7: D_DO-35 THT | E7: Changzhou Starsea 1N4148 DO-35 | F7: LCSC C85057 | G7: 0.0124 | H7: 50+ tier | I7: =B7*G7 -> 0.0124 | J7: =I7*'PCB-PCBA Costing'!$B$4 -> 0.062 | K7: High
A8: D2 | B8: 1 | C8: LED | D8: LED_0805 | E8: Nationstar NCD0805R1 (red) | F8: LCSC C84256 | G8: 0.0133 | H8: 50+ tier | I8: =B8*G8 -> 0.0133 | J8: =I8*'PCB-PCBA Costing'!$B$4 -> 0.0665 | K8: Medium
A9: J1 | B9: 1 | C9: USB_C_Receptacle_USB2.0_16P | D9: USB_C_HRO_TYPE-C-31-M-12 | E9: Korean Hroparts TYPE-C-31-M-12 | F9: LCSC C165948 | G9: 0.1857 | H9: 5+ tier | I9: =B9*G9 -> 0.1857 | J9: =I9*'PCB-PCBA Costing'!$B$4 -> 0.9285 | K9: High
A10: J3 | B10: 1 | C10: Micro_SD_Card | D10: microSD_HC_Hirose_DM3AT-SF-PEJM5 | E10: Hirose DM3AT-SF-PEJM5 | F10: LCSC C114218 | G10: 1.1151 | H10: 1+ tier (10+ $0.9573) | I10: =B10*G10 -> 1.1151 | J10: =I10*'PCB-PCBA Costing'!$B$4 -> 5.5755 | K10: Medium
A11: J4 | B11: 1 | C11: Conn_01x02_Pin | D11: JST_PH_B2B-PH-K_1x02 | E11: JST B2B-PH-K-S(LF)(SN) | F11: LCSC C131337 | G11: 0.0333 | H11: 20+ tier | I11: =B11*G11 -> 0.0333 | J11: =I11*'PCB-PCBA Costing'!$B$4 -> 0.1665 | K11: High
A12: JP1 | B12: 1 | C12: U.FL-R-SMT-1 | D12: UFL-R-SMT-1-10 | E12: HRS U.FL-R-SMT-1(10) | F12: LCSC C88373 | G12: 0.1939 | H12: 5+ tier | I12: =B12*G12 -> 0.1939 | J12: =I12*'PCB-PCBA Costing'!$B$4 -> 0.9695 | K12: High
A13: L1 | B13: 1 | C13: 27nH | D13: L_0805 | E13: EMTEK HSC0805-27NJ-T | F13: LCSC C251825 | G13: 0.0893 | H13: 5+ tier | I13: =B13*G13 -> 0.0893 | J13: =I13*'PCB-PCBA Costing'!$B$4 -> 0.4465 | K13: Medium
... A30: U7 | B30: 1 | C30: BMI270 | D30: LGA-14_L3.0-W2.5 | E30: Bosch BMI270 | F30: LCSC C2836813 | G30: 1.8389 | H30: 1+ tier (mirrors $1.80-$1.84) | I30: =B30*G30 -> 1.8389 | J30: =I30*'PCB-PCBA Costing'!$B$4 -> 9.1945 | K30: High
A32: Components total | I32: =SUM(I2:I30) -> 33.5257 | J32: =SUM(J2:J30) -> 167.6285
A33: PCB fabrication | I33: =J33/'PCB-PCBA Costing'!$B$4 -> 0.4 | J33: ='PCB-PCBA Costing'!B5 -> 2
A34: PCBA assembly fees | I34: =J34/'PCB-PCBA Costing'!$B$4 -> 7.9585 | J34: ='PCB-PCBA Costing'!B23 -> 39.7925
A35: GRAND TOTAL (excl. shipping & tax) | I35: =J35/'PCB-PCBA Costing'!$B$4 -> 41.8842 | J35: =SUM(J32:J34) -> 209.421
A36: Boards in this estimate | J36: 5
A37: Cost per assembled board | J37: =J35/J36 -> 41.8842

Sheet PCB-PCBA Costing
A1: PCB + PCBA costing (JLCPCB) and global inputs
A3: Input | B3: Value | C3: Note / basis | D3: Source
A4: Boards ordered (N) | B4: 5 | C4: Assumption: JLCPCB standard minimum is 5 pcs. Change to your real quantity.
A5: PCB fabrication, total ($) | B5: 2 | C5: JLCPCB 'from $2.00 / 5 pcs' (2-layer, small). Board size/layers are NOT in the BOM; an ESP32 + GNSS board is often 4-layer, which costs more. Get a real Instant Quote. | D5: https://jlcpcb.com/
A6: PCBA setup fee ($) | B6: 25.56 | C6: Standard PCBA, single-side. Chosen over Economic because this BOM has ~12 extended part types (Economic charges $3 each) plus through-hole parts. | D6: https://jlcpcb.com/help/article/pcb-assembly-price
A7: PCBA stencil ($) | B7: 8.21 | C7: Standard PCBA, single-side | D7: https://jlcpcb.com/help/article/pcb-assembly-price
A8: SMT joints per board | B8: 218 | C8: ESTIMATE from footprints: caps 24, resistors 28, LED/inductor 4, switches 20, USB-C ~20, microSD ~12, U.FL 3, ESP32 41, BQ24074 17, SOT-23 parts 11, NEO-M9N 24, BMI270 14
A9: SMT fee per joint ($) | B9: 0.0016 | C9: JLCPCB PCBA rate | D9: https://jlcpcb.com/pcb-assembly
A10: THT joints per board | B10: 9 | C10: ESTIMATE: buzzer 2, 1N4148 2, JST 2, 2N3904 3. OLED (U6) assumed hand-soldered by you.
A11: Hand-soldering labor fee, once ($) | B11: 3.5 | C11: JLCPCB through-hole labor fee | D11: https://jlcpcb.com/help/article/pcb-assembly-faqs
A12: Manual assembly fee per THT joint ($) | B12: 0.0173 | C12: JLCPCB FAQ | D12: https://jlcpcb.com/help/article/pcb-assembly-faqs
A13: Extended-part fee ($, Standard PCBA) | B13: 0 | C13: Extended fee applies to Economic PCBA only. For comparison, Economic = $8.18 + $1.53 + ~12 types x $3 = ~$45.7 vs Standard $33.77 fixed. | D13: https://jlcpcb.com/help/article/pcb-assembly-price
A16: PCBA cost breakdown (all N boards)
A17: Setup fee | B17: =B6 -> 25.56
A18: Stencil | B18: =B7 -> 8.21
A19: SMT assembly | B19: =B9*B8*B4 -> 1.744
A20: Hand-soldering labor | B20: =B11 -> 3.5
A21: Manual THT assembly | B21: =B12*B10*B4 -> 0.7785
A22: Extended part fees | B22: =B13 -> 0
A23: PCBA assembly fees total | B23: =SUM(B17:B22) -> 39.7925
A25: Notes
A26: Parts ordered through JLCPCB are priced by JLCPCB (basic passives are often cheaper than the LCSC prices used here). Some parts may need 'Global Sourcing' with a handling fee.
A27: LCSC minimum order quantities (20/50/100 pcs for small parts) can make a tiny order cost more than qty x unit price. JLCPCB lets you buy exact quantities for PCBA.
A28: Not included: shipping, import duties/GST, tax, coupons, battery, antenna, microSD card, enclosure.
